Name,MBID,URL,Image (small),Image
Justin Bieber,e0140a67-e4d1-4f13-8a01-364355bee46e,https://www.last.fm/music/Justin+Bieber,,"[object Object],[object Object],[object Object],[object Object],[object Object]"
Justin Timberlake,596ffa74-3d08-44ef-b113-765d43d12738,https://www.last.fm/music/Justin+Timberlake,,"[object Object],[object Object],[object Object],[object Object],[object Object]"
Justin Hurwitz,,https://www.last.fm/music/Justin+Hurwitz,,"[object Object],[object Object],[object Object],[object Object],[object Object]"
Justin Townes Earle,6e0d1400-a880-4b2c-8305-e9b985a4549c,https://www.last.fm/music/Justin+Townes+Earle,,"[object Object],[object Object],[object Object],[object Object],[object Object]"
Justin Nozuka,f8471a38-0575-4dcf-b657-401377ad293c,https://www.last.fm/music/Justin+Nozuka,,"[object Object],[object Object],[object Object],[object Object],[object Object]"
Justine Skye,,https://www.last.fm/music/Justine+Skye,,"[object Object],[object Object],[object Object],[object Object],[object Object]"
Justin Moore,ab5d785b-ff87-48b5-b9e1-027e3c21ec0d,https://www.last.fm/music/Justin+Moore,,"[object Object],[object Object],[object Object],[object Object],[object Object]"
Justin Quiles,e5fdb46c-eb73-4820-94ba-5dd5b35948cf,https://www.last.fm/music/Justin+Quiles,,"[object Object],[object Object],[object Object],[object Object],[object Object]"
Justin Stone,,https://www.last.fm/music/Justin+Stone,,"[object Object],[object Object],[object Object],[object Object],[object Object]"
Justin Vernon,0f1d5b01-8784-4870-9bd6-fa43178b9441,https://www.last.fm/music/Justin+Vernon,,"[object Object],[object Object],[object Object],[object Object],[object Object]"
Justin Bell,,https://www.last.fm/music/Justin+Bell,,"[object Object],[object Object],[object Object],[object Object],[object Object]"
Justin Park,,https://www.last.fm/music/Justin+Park,,"[object Object],[object Object],[object Object],[object Object],[object Object]"
Justin Martin,3b55eb41-78c8-4048-acc4-f5b25af84733,https://www.last.fm/music/Justin+Martin,,"[object Object],[object Object],[object Object],[object Object],[object Object]"
Justin Rarri,,https://www.last.fm/music/Justin+Rarri,,"[object Object],[object Object],[object Object],[object Object],[object Object]"
Justin Jay,20756c93-06b4-4b79-8250-081b57fe4cd7,https://www.last.fm/music/Justin+Jay,,"[object Object],[object Object],[object Object],[object Object],[object Object]"
Justin Wellington,,https://www.last.fm/music/Justin+Wellington,,"[object Object],[object Object],[object Object],[object Object],[object Object]"
Justin Jesso,,https://www.last.fm/music/Justin+Jesso,,"[object Object],[object Object],[object Object],[object Object],[object Object]"
Justin Hinds & The Dominoes,a9d8482e-4d91-4521-9213-cf6dbc901aaf,https://www.last.fm/music/Justin+Hinds+&+The+Dominoes,,"[object Object],[object Object],[object Object],[object Object],[object Object]"
Justin Caruso,,https://www.last.fm/music/Justin+Caruso,,"[object Object],[object Object],[object Object],[object Object],[object Object]"
Justin Rissmiller,,https://www.last.fm/music/Justin+Rissmiller,,"[object Object],[object Object],[object Object],[object Object],[object Object]"
Justin Oh,65ee5965-b670-489d-beda-bdf81826419a,https://www.last.fm/music/Justin+Oh,,"[object Object],[object Object],[object Object],[object Object],[object Object]"
Justin Johnson,,https://www.last.fm/music/Justin+Johnson,,"[object Object],[object Object],[object Object],[object Object],[object Object]"
Justin Starling,,https://www.last.fm/music/Justin+Starling,,"[object Object],[object Object],[object Object],[object Object],[object Object]"
Justin Mylo,,https://www.last.fm/music/Justin+Mylo,,"[object Object],[object Object],[object Object],[object Object],[object Object]"
Justin Hayward,c113d7a7-2b22-49dc-886b-366ee68577cb,https://www.last.fm/music/Justin+Hayward,,"[object Object],[object Object],[object Object],[object Object],[object Object]"
Justin Morales,,https://www.last.fm/music/Justin+Morales,,"[object Object],[object Object],[object Object],[object Object],[object Object]"
Justin E. Bell,,https://www.last.fm/music/Justin+E.+Bell,,"[object Object],[object Object],[object Object],[object Object],[object Object]"
Justin King,799dbb3f-d07e-4a72-a71f-9d2bbd86ab58,https://www.last.fm/music/Justin+King,,"[object Object],[object Object],[object Object],[object Object],[object Object]"
Justin Rutledge,cbaec2b1-e2b5-4e58-9345-79652271a30b,https://www.last.fm/music/Justin+Rutledge,,"[object Object],[object Object],[object Object],[object Object],[object Object]"
Justin Hurwitz & Tim Simonec,,https://www.last.fm/music/Justin+Hurwitz+&+Tim+Simonec,,"[object Object],[object Object],[object Object],[object Object],[object Object]"
